[
  {
    "rnum": 1,
    "boardId": 6240,
    "bbsId": "BMSR00015",
    "gubunCd": "01",
    "sortOrdr": null,
    "nttSj": "[민간임대] 양재역 도곡 더써밋타워 추가모집공고",
    "nttTyCd": "1",
    "ntceBgnde": null,
    "ntceEndde": null,
    "password": null,
    "inqireCo": 19020,
    "answerAt": null,
    "parntsNo": 0,
    "secretAt": null,
    "atchFileId": "8e7b98e80b4d4cc99af26ccbdf77fb54",
    "imageReplcTextCn": null,
    "optn1": "2025-05-27",
    "optn2": "2",
    "optn3": "코레이트도곡동청년주택전문투자형사모부동산투자 유한회사",
    "optn4": "2025-05-29",
    "optn5": null,
    "delAt": "N",
    "useAt": "Y",
    "regUserId": "youth",
    "regUserNm": "역세권청년주택관리자",
    "regDate": 1748310364000,
    "modDate": 1748407171000,
    "modUserId": "youth",
    "answerDate": null,
    "nttBgnde": 1748329200000,
    "topAt": "N",
    "homeName": null,
    "nttType": "2",
    "content": "<p><span style=\"color: #333333; font-family: NanumSquareOTF_ac; font-size: medium; letter-spacing: -1px; margin: 0px; padding: 0px; box-sizing: border-box;\">양재역 도곡 더써밋타워 청년안심주택&nbsp;</span><span style=\"color: #333333; font-family: NanumSquareOTF_ac; font-size: medium; letter-spacing: -1px; margin: 0px; padding: 0px; box-sizing: border-box;\">공공지원민간임대&nbsp;</span><span style=\"color: #333333; font-family: NanumSquareOTF_ac; font-size: medium; letter-spacing: -1px; margin: 0px; padding: 0px; box-sizing: border-box;\">입주자 추가모집공고를 게시합니다.&nbsp;</span></p>\r\n<p><span style=\"color: #333333; font-family: NanumSquareOTF_ac; font-size: medium; letter-spacing: -1px; margin: 0px; padding: 0px; box-sizing: border-box;\">자세한 내용은 첨부파일의 모집공고문을 확인하시기 바랍니다.</span></p>\r\n<p style=\"padding: 0px; box-sizing: border-box; letter-spacing: -1px; color: #333333; font-family: NanumSquareOTF_ac; font-size: medium;\">&nbsp;</p>\r\n<p style=\"padding: 0px; box-sizing: border-box; letter-spacing: -1px; color: #333333; font-family: NanumSquareOTF_ac; font-size: medium;\"><b style=\"margin: 0px; padding: 0px; box-sizing: border-box; font-size: 20px;\">[단지개요]</b></p>\r\n<p style=\"padding: 0px; box-sizing: border-box; letter-spacing: -1px; color: #333333; font-family: NanumSquareOTF_ac; font-size: medium;\">■단지명 : 도곡 더써밋타워</p>\r\n<p style=\"padding: 0px; box-sizing: border-box; letter-spacing: -1px; color: #333333; font-family: NanumSquareOTF_ac; font-size: medium;\">■주택위치 : 서울특별시 강남구 도곡동 954-17번지 (3호선, 신분당선 양재역 4번 출구)</p>\r\n<p style=\"padding: 0px; box-sizing: border-box; letter-spacing: -1px; color: #333333; font-family: NanumSquareOTF_ac; font-size: medium;\">■공급호수 : 총&nbsp; 209세대 중 공공지원민간임대 12세대 (일반공급 12세대)</p>\r\n<p style=\"padding: 0px; box-sizing: border-box; letter-spacing: -1px; color: #333333; font-family: NanumSquareOTF_ac; font-size: medium;\">■사업주체 : 코레이트도곡동청년주택전문투자형사모부동산투자 유한회사</p>\r\n<p style=\"padding: 0px; box-sizing: border-box; letter-spacing: -1px; color: #333333; font-family: NanumSquareOTF_ac; font-size: medium;\">■시공사 : 강남건영(주)</p>\r\n<p style=\"padding: 0px; box-sizing: border-box; letter-spacing: -1px; color: #333333; font-family: NanumSquareOTF_ac; font-size: medium;\">&nbsp;</p>\r\n<h2 style=\"margin: 0px; padding: 0px; box-sizing: border-box; letter-spacing: -1px; color: #333333; font-family: nanumsquareotf_ac;\"><span style=\"font-size: 18px;\">[공급일정]</span></h2>\r\n<p style=\"padding: 0px; box-sizing: border-box; letter-spacing: -1px; color: #333333; font-family: NanumSquareOTF_ac; font-size: medium;\">■모집공고 : ‘25. 05. 27. (화)</p>\r\n<p style=\"padding: 0px; box-sizing: border-box; letter-spacing: -1px; color: #333333; font-family: NanumSquareOTF_ac; font-size: medium;\"><b>■청약신청 :<span style=\"color: #ff007f;\">&nbsp;‘25. 05. 29. (목)&nbsp;&nbsp;</span></b><b><span style=\"color: #ff007f;\">10:00 ~ 24</span></b><b><span style=\"color: #ff007f;\">:00</span></b></p>\r\n<p style=\"padding: 0px; box-sizing: border-box; letter-spacing: -1px; color: #333333; font-family: NanumSquareOTF_ac; font-size: medium;\">■당첨자 발표 : ‘25. 05. 30. (금) 11시</p>\r\n<p style=\"padding: 0px; box-sizing: border-box; letter-spacing: -1px; color: #333333; font-family: NanumSquareOTF_ac; font-size: medium;\">■당첨세대 확인 및 계약체결 : ‘25. 05. 31. (토) ~ 06. 01. (일)</p>\r\n<p style=\"padding: 0px; box-sizing: border-box; letter-spacing: -1px; color: #333333; font-family: NanumSquareOTF_ac; font-size: medium;\">■입주지정기간(예정) : ‘25. 06. 27. (금) ~ 07. 06. (일)</p>\r\n<p><br /></p>\r\n<h2 style=\"margin: 0px; padding: 0px; box-sizing: border-box; letter-spacing: -1px; color: #333333; font-family: nanumsquareotf_ac;\"><span style=\"font-size: 18px;\">[청약신청]</span></h2>\r\n<p style=\"padding: 0px; box-sizing: border-box;\"><span style=\"font-family: NanumSquareOTF_ac; font-size: medium; letter-spacing: -1px; color: #333333;\">■ 홈페이지 :&nbsp;</span><span style=\"color: #0000ff; font-family: NanumSquareOTF_ac; font-size: medium; letter-spacing: -1px;\"><b><span style=\"font-size: 18px;\"><u><a href=\"https://www.dg-summit.co.kr/\" target=\"_blank\" title=\"양재역 도곡 더써밋타워 홈페이지\">https://www.dg-summit.co.kr/</a></u></span></b></span></p>\r\n<p style=\"padding: 0px; box-sizing: border-box; letter-spacing: -1px; color: #333333; font-family: NanumSquareOTF_ac; font-size: medium;\">■ 문의전화 : 02-823-9542</p>\r\n<p style=\"padding: 0px; box-sizing: border-box; letter-spacing: -1px; color: #333333; font-family: NanumSquareOTF_ac; font-size: medium;\">■ 운영시간 : 10:00~18:00 (점심시간 : 12:00~13:00)</p>\r\n<p style=\"padding: 0px; box-sizing: border-box; letter-spacing: -1px; color: #333333; font-family: NanumSquareOTF_ac; font-size: medium;\">&nbsp;</p>\r\n<p style=\"padding: 0px; box-sizing: border-box;\"><font color=\"#333333\" face=\"NanumSquareOTF_ac\" size=\"3\"><span style=\"letter-spacing: -1px;\"></span></font></p>\r\n<p style=\"padding: 0px; box-sizing: border-box; letter-spacing: -1px; color: #333333; font-family: NanumSquareOTF_ac; font-size: medium;\">&nbsp;</p>\r\n"
  },
  {
    "rnum": 2,
    "boardId": 6237,
    "bbsId": "BMSR00015",
    "gubunCd": "15",
    "sortOrdr": null,
    "nttSj": "[민간임대] 서초역 서초꽃마을 주얼리 추가모집공고",
    "nttTyCd": "1",
    "ntceBgnde": null,
    "ntceEndde": null,
    "password": null,
    "inqireCo": 19297,
    "answerAt": null,
    "parntsNo": 0,
    "secretAt": null,
    "atchFileId": "567e5ccb324c4fa8a8ab5ca6c989e365",
    "imageReplcTextCn": null,
    "optn1": "2025-05-22",
    "optn2": "2",
    "optn3": "서초꽃마을 주얼리 황인 외 3명",
    "optn4": "2025-05-22",
    "optn5": null,
    "delAt": "N",
    "useAt": "Y",
    "regUserId": "youth",
    "regUserNm": "역세권청년주택관리자",
    "regDate": 1747887304000,
    "modDate": 1748310111000,
    "modUserId": "youth",
    "answerDate": null,
    "nttBgnde": 1747897200000,
    "topAt": "N",
    "homeName": null,
    "nttType": "2",
    "content": "<p style=\"padding: 0px; box-sizing: border-box;\"><font color=\"#333333\" face=\"NanumSquareOTF_ac\" size=\"3\"><span style=\"letter-spacing: -1px;\">서초역 서초꽃마을 주얼리 청년안심주택 공공지원민간임대 입주자 추가모집공고를 게시합니다.&nbsp;</span></font></p>\r\n<p style=\"padding: 0px; box-sizing: border-box;\"><font color=\"#333333\" face=\"NanumSquareOTF_ac\" size=\"3\"><span style=\"letter-spacing: -1px;\">자세한 내용은 첨부파일의 모집공고문을 확인하시기 바랍니다.</span></font><span style=\"color: #333333; font-family: NanumSquareOTF_ac; font-size: medium; letter-spacing: -1px;\">&nbsp;</span></p>\r\n<p style=\"padding: 0px; box-sizing: border-box;\"><span style=\"color: #333333; font-family: NanumSquareOTF_ac; font-size: medium; letter-spacing: -1px;\">&nbsp;</span></p>\r\n<h2 style=\"margin: 0px; padding: 0px; box-sizing: border-box; letter-spacing: -1px; color: #333333; font-family: nanumsquareotf_ac;\"><span style=\"font-size: 18px;\">[단지개요]</span></h2>\r\n<p style=\"padding: 0px; box-sizing: border-box;\"><font color=\"#333333\" face=\"NanumSquareOTF_ac\" size=\"3\"><span style=\"letter-spacing: -1px;\">■단지명 : 서초꽃마을 주얼리</span></font></p>\r\n<p style=\"padding: 0px; box-sizing: border-box;\"><span style=\"letter-spacing: -1px; color: #333333; font-family: NanumSquareOTF_ac; font-size: medium;\">■주택위치 : 서울특별시 서초구 반포대로 27길 13 (2호선 서초역 4번 출구)</span></p>\r\n<p style=\"padding: 0px; box-sizing: border-box;\"><span style=\"letter-spacing: -1px; color: #333333; font-family: NanumSquareOTF_ac; font-size: medium;\">■공급호수 : 총 212세대 중 금회 추가공급 공공지원민간임대 2세대 (일반공급 2세대)</span></p>\r\n<p style=\"padding: 0px; box-sizing: border-box;\"><span style=\"letter-spacing: -1px; color: #333333; font-family: NanumSquareOTF_ac; font-size: medium;\">■사업주체 : 서초꽃마을 주얼리 황인 외 3명</span></p>\r\n<p style=\"padding: 0px; box-sizing: border-box;\"><span style=\"color: #333333; font-family: NanumSquareOTF_ac; font-size: medium; letter-spacing: -1px;\">■시공사 : (주)한양산업개발</span><span style=\"color: #333333; font-family: NanumSquareOTF_ac; font-size: medium; letter-spacing: -1px;\">&nbsp;</span></p>\r\n<p style=\"padding: 0px; box-sizing: border-box;\"><span style=\"letter-spacing: -1px; color: #333333; font-family: NanumSquareOTF_ac; font-size: medium;\">&nbsp;</span></p>\r\n<h2 style=\"margin: 0px; padding: 0px; box-sizing: border-box; letter-spacing: -1px; color: #333333; font-family: nanumsquareotf_ac;\"><span style=\"font-size: 18px;\">[공급일정]</span></h2>\r\n<p style=\"padding: 0px; box-sizing: border-box;\"><font color=\"#333333\" face=\"NanumSquareOTF_ac\" size=\"3\"><span style=\"letter-spacing: -1px;\">■모집공고 : ‘25. 05. 22. (목)</span></font></p>\r\n<p style=\"padding: 0px; box-sizing: border-box;\"><span style=\"letter-spacing: -1px; color: #333333; font-family: NanumSquareOTF_ac; font-size: medium;\">■청약신청 : ‘25. 05. 22. (목) ~ 05.26. (월) 낮 12시</span></p>\r\n<p style=\"padding: 0px; box-sizing: border-box;\"><span style=\"letter-spacing: -1px; color: #333333; font-family: NanumSquareOTF_ac; font-size: medium;\">■서류심사 대상자 발표 : ‘25. 05. 27. (화) 17시</span></p>\r\n<p style=\"padding: 0px; box-sizing: border-box;\"><span style=\"letter-spacing: -1px; color: #333333; font-family: NanumSquareOTF_ac; font-size: medium;\">■서류사본세출(이메일) : ‘25. 05. 27. (화) ~&nbsp;</span><span style=\"color: #333333; font-family: NanumSquareOTF_ac; font-size: medium; letter-spacing: -1px;\">‘25. 05. 29. (목)</span><span style=\"letter-spacing: -1px; color: #333333; font-family: NanumSquareOTF_ac; font-size: medium;\">&nbsp;</span></p>\r\n<p style=\"padding: 0px; box-sizing: border-box;\"><font color=\"#333333\" face=\"NanumSquareOTF_ac\" size=\"3\"><span style=\"letter-spacing: -1px;\">■계약체결 및 원본서류제출 : ‘25. 06. 02. (월) ~ </span></font><span style=\"color: #333333; font-family: NanumSquareOTF_ac; font-size: medium; letter-spacing: -1px;\">‘25. 06. 05. (목)</span><span style=\"color: #333333; font-family: NanumSquareOTF_ac; font-size: medium; letter-spacing: -1px;\">&nbsp;&nbsp;</span></p>\r\n<p style=\"padding: 0px; box-sizing: border-box; letter-spacing: -1px; color: #333333; font-family: NanumSquareOTF_ac; font-size: medium;\">&nbsp;</p>\r\n<h2 style=\"margin: 0px; padding: 0px; box-sizing: border-box; letter-spacing: -1px; color: #333333; font-family: nanumsquareotf_ac;\"><span style=\"font-size: 18px;\">[청약신청]</span></h2>\r\n<p style=\"padding: 0px; box-sizing: border-box;\"><font face=\"NanumSquareOTF_ac\" size=\"3\"><span style=\"letter-spacing: -1px;\"><font color=\"#333333\">■ 청약신청 페이지 :</font><font color=\"#0000ff\"><b>&nbsp;</b></font></span></font><span style=\"letter-spacing: -1px; color: #333333; font-family: NanumSquareOTF_ac; font-size: medium;\"><a href=\"https://seocho1502.modoo.at\" target=\"_blank\" title=\"서초꽃마을 추가모집 신청페이지\"><b><span style=\"color: #0000ff;\">https://seocho1502.modoo.at</span></b></a></span></p>\r\n<p style=\"padding: 0px; box-sizing: border-box;\"><span style=\"letter-spacing: -1px; color: #333333; font-family: NanumSquareOTF_ac; font-size: medium;\">■ 문의전화 : 02-6241-1502</span></p>\r\n<p style=\"padding: 0px; box-sizing: border-box;\"><font color=\"#333333\" face=\"NanumSquareOTF_ac\" size=\"3\"><span style=\"letter-spacing: -1px;\">■ 운영시간 : 10:00~17:00 (점심시간 : 12:00~13:00)</span></font></p>\r\n<p style=\"padding: 0px; box-sizing: border-box; letter-spacing: -1px; color: #333333; font-family: NanumSquareOTF_ac; font-size: medium;\">&nbsp;</p>\r\n<p style=\"padding: 0px; box-sizing: border-box;\"><font color=\"#333333\" face=\"NanumSquareOTF_ac\" size=\"3\"><span style=\"letter-spacing: -1px;\"></span></font></p>\r\n<p style=\"padding: 0px; box-sizing: border-box; letter-spacing: -1px; color: #333333; font-family: NanumSquareOTF_ac; font-size: medium;\">&nbsp;</p>\r\n"
  },
  {
    "rnum": 3,
    "boardId": 6238,
    "bbsId": "BMSR00015",
    "gubunCd": "16",
    "sortOrdr": null,
    "nttSj": "[민간임대] 장한평역 힐데스하임 추가모집공고",
    "nttTyCd": "1",
    "ntceBgnde": null,
    "ntceEndde": null,
    "password": null,
    "inqireCo": 16719,
    "answerAt": null,
    "parntsNo": 0,
    "secretAt": null,
    "atchFileId": "3b79a23e0a6a40188e0194175ea601d3",
    "imageReplcTextCn": null,
    "optn1": "2025-05-22",
    "optn2": "2",
    "optn3": "성부경",
    "optn4": "2025-05-22",
    "optn5": null,
    "delAt": "N",
    "useAt": "Y",
    "regUserId": "youth",
    "regUserNm": "역세권청년주택관리자",
    "regDate": 1747887844000,
    "modDate": 1747887862000,
    "modUserId": "youth",
    "answerDate": null,
    "nttBgnde": 1747897200000,
    "topAt": "N",
    "homeName": null,
    "nttType": "2",
    "content": "<p style=\"padding: 0px; box-sizing: border-box;\"><font color=\"#333333\" face=\"NanumSquareOTF_ac\" size=\"3\"><span style=\"letter-spacing: -1px;\">장한평역 힐데스하임 청년안심주택 공공지원민간임대 입주자 추가모집공고를 게시합니다.&nbsp;</span></font></p>\r\n<p style=\"padding: 0px; box-sizing: border-box;\"><font color=\"#333333\" face=\"NanumSquareOTF_ac\" size=\"3\"><span style=\"letter-spacing: -1px;\">자세한 내용은 첨부파일의 모집공고문을 확인하시기 바랍니다.</span></font><span style=\"color: #333333; font-family: NanumSquareOTF_ac; font-size: medium; letter-spacing: -1px;\">&nbsp;</span></p>\r\n<p style=\"padding: 0px; box-sizing: border-box;\"><span style=\"color: #333333; font-family: NanumSquareOTF_ac; font-size: medium; letter-spacing: -1px;\">&nbsp;</span></p>\r\n<h2 style=\"margin: 0px; padding: 0px; box-sizing: border-box; letter-spacing: -1px; color: #333333; font-family: nanumsquareotf_ac;\"><span style=\"font-size: 18px;\">[단지개요]</span></h2>\r\n<p style=\"padding: 0px; box-sizing: border-box;\"><font color=\"#333333\" face=\"NanumSquareOTF_ac\" size=\"3\"><span style=\"letter-spacing: -1px;\">■단지명 : 용답동 힐데스하임</span></font></p>\r\n<p style=\"padding: 0px; box-sizing: border-box;\"><span style=\"letter-spacing: -1px; color: #333333; font-family: NanumSquareOTF_ac; font-size: medium;\">■주택위치 : 서울특별시 성동구 천호대로 416 (5호선 장한평역 5번 출구)</span></p>\r\n<p style=\"padding: 0px; box-sizing: border-box;\"><span style=\"letter-spacing: -1px; color: #333333; font-family: NanumSquareOTF_ac; font-size: medium;\">■공급호수 : 총 170세대 중 금회 추가공급 공공지원민간임대 2세대 (일반공급 2세대)</span></p>\r\n<p style=\"padding: 0px; box-sizing: border-box;\"><span style=\"letter-spacing: -1px; color: #333333; font-family: NanumSquareOTF_ac; font-size: medium;\">■사업주체 : 유(U)삼진랜드</span></p>\r\n<p style=\"padding: 0px; box-sizing: border-box;\"><span style=\"color: #333333; font-family: NanumSquareOTF_ac; font-size: medium; letter-spacing: -1px;\">■시공사 : (주)원건설</span><span style=\"color: #333333; font-family: NanumSquareOTF_ac; font-size: medium; letter-spacing: -1px;\">&nbsp;</span></p>\r\n<p style=\"padding: 0px; box-sizing: border-box;\"><span style=\"letter-spacing: -1px; color: #333333; font-family: NanumSquareOTF_ac; font-size: medium;\">&nbsp;</span></p>\r\n<h2 style=\"margin: 0px; padding: 0px; box-sizing: border-box; letter-spacing: -1px; color: #333333; font-family: nanumsquareotf_ac;\"><span style=\"font-size: 18px;\">[공급일정]</span></h2>\r\n<p style=\"padding: 0px; box-sizing: border-box;\"><font color=\"#333333\" face=\"NanumSquareOTF_ac\" size=\"3\"><span style=\"letter-spacing: -1px;\">■모집공고 : ‘25. 05. 22. (목)</span></font></p>\r\n<p style=\"padding: 0px; box-sizing: border-box;\"><span style=\"letter-spacing: -1px; color: #333333; font-family: NanumSquareOTF_ac; font-size: medium;\">■청약신청 : ‘25. 05. 22. (목) ~ 05.28. (수) 24시</span></p>\r\n<p style=\"padding: 0px; box-sizing: border-box;\"><span style=\"letter-spacing: -1px; color: #333333; font-family: NanumSquareOTF_ac; font-size: medium;\">■서류심사 대상자 발표 : ‘25. 05. 30. (금) 15시</span></p>\r\n<p style=\"padding: 0px; box-sizing: border-box;\"><span style=\"letter-spacing: -1px; color: #333333; font-family: NanumSquareOTF_ac; font-size: medium;\">■서류사본세출(이메일) : ‘25. 05. 30. (금) ~&nbsp;</span><span style=\"color: #333333; font-family: NanumSquareOTF_ac; font-size: medium; letter-spacing: -1px;\">‘25. 06. 01. (일)</span><span style=\"letter-spacing: -1px; color: #333333; font-family: NanumSquareOTF_ac; font-size: medium;\">&nbsp;</span></p>\r\n<p style=\"padding: 0px; box-sizing: border-box;\"><font color=\"#333333\" face=\"NanumSquareOTF_ac\" size=\"3\"><span style=\"letter-spacing: -1px;\">■계약체결 및 원본서류제출 : ‘25. 06. 08. (일) ~&nbsp;</span></font><span style=\"color: #333333; font-family: NanumSquareOTF_ac; font-size: medium; letter-spacing: -1px;\">‘25. 06. 09. (월)</span><span style=\"color: #333333; font-family: NanumSquareOTF_ac; font-size: medium; letter-spacing: -1px;\">&nbsp;&nbsp;</span></p>\r\n<p style=\"padding: 0px; box-sizing: border-box; letter-spacing: -1px; color: #333333; font-family: NanumSquareOTF_ac; font-size: medium;\">&nbsp;</p>\r\n<h2 style=\"margin: 0px; padding: 0px; box-sizing: border-box; letter-spacing: -1px; color: #333333; font-family: nanumsquareotf_ac;\"><span style=\"font-size: 18px;\">[청약신청]</span></h2>\r\n<p style=\"padding: 0px; box-sizing: border-box;\"><font face=\"NanumSquareOTF_ac\" size=\"3\"><span style=\"letter-spacing: -1px;\"><font color=\"#333333\">■ 청약신청 페이지 :</font><font color=\"#0000ff\"><b>&nbsp;</b></font></span></font><span style=\"letter-spacing: -1px; color: #333333; font-family: NanumSquareOTF_ac; font-size: medium;\"><b><a href=\"https://naver.me/FoIpmNqH\" target=\"_blank\" title=\"장한평역 힐데스하임 추가모집 신청페이지\"><span style=\"color: #0000ff;\">https://naver.me/FoIpmNqH</span></a></b></span></p>\r\n<p style=\"padding: 0px; box-sizing: border-box;\"><span style=\"color: #333333; font-family: NanumSquareOTF_ac; font-size: medium; letter-spacing: -1px;\">■ 문의전화 : 02-2217-9105</span></p>\r\n<p style=\"padding: 0px; box-sizing: border-box;\"><font color=\"#333333\" face=\"NanumSquareOTF_ac\" size=\"3\"><span style=\"letter-spacing: -1px;\">■ 운영시간 : 09:00~18:00 (점심시간 : 11:30~13:30)</span></font></p>\r\n<p style=\"padding: 0px; box-sizing: border-box; letter-spacing: -1px; color: #333333; font-family: NanumSquareOTF_ac; font-size: medium;\">&nbsp;</p>\r\n"
  },
  {
    "rnum": 4,
    "boardId": 6234,
    "bbsId": "BMSR00015",
    "gubunCd": "25",
    "sortOrdr": null,
    "nttSj": "[민간임대] 상봉역 제이스타상봉 추가모집공고",
    "nttTyCd": "1",
    "ntceBgnde": null,
    "ntceEndde": null,
    "password": null,
    "inqireCo": 15429,
    "answerAt": null,
    "parntsNo": 0,
    "secretAt": null,
    "atchFileId": "66b5997cb14442baaef03135a45b1519",
    "imageReplcTextCn": null,
    "optn1": "2025-05-21",
    "optn2": "2",
    "optn3": "(주)대원교역상사",
    "optn4": "2025-05-26",
    "optn5": null,
    "delAt": "N",
    "useAt": "Y",
    "regUserId": "youth",
    "regUserNm": "역세권청년주택관리자",
    "regDate": 1747792731000,
    "modDate": null,
    "modUserId": null,
    "answerDate": null,
    "nttBgnde": 1747810800000,
    "topAt": "N",
    "homeName": null,
    "nttType": "2",
    "content": "<p style=\"padding: 0px; box-sizing: border-box; letter-spacing: -1px; color: #333333; font-family: NanumSquareOTF_ac; font-size: medium;\"></p>\r\n<p><span style=\"color: #333333; font-family: NanumSquareOTF_ac; font-size: medium; letter-spacing: -1px; margin: 0px; padding: 0px; box-sizing: border-box;\"></span></p>\r\n<p style=\"padding: 0px; box-sizing: border-box;\"><font color=\"#333333\" face=\"NanumSquareOTF_ac\" size=\"3\"><span style=\"letter-spacing: -1px;\">상봉역 제이스타상봉 청년안심주택 공공지원민간임대 입주자 추가모집공고를 게시합니다.&nbsp;</span></font></p>\r\n<p style=\"padding: 0px; box-sizing: border-box;\"><font color=\"#333333\" face=\"NanumSquareOTF_ac\" size=\"3\"><span style=\"letter-spacing: -1px;\">자세한 내용은 첨부파일의 모집공고문을 확인하시기 바랍니다.</span></font><span style=\"color: #333333; font-family: NanumSquareOTF_ac; font-size: medium; letter-spacing: -1px;\">&nbsp;</span></p>\r\n<p style=\"padding: 0px; box-sizing: border-box;\"><span style=\"color: #333333; font-family: NanumSquareOTF_ac; font-size: medium; letter-spacing: -1px;\">&nbsp;</span></p>\r\n<p style=\"padding: 0px; box-sizing: border-box;\"><span style=\"color: #333333; font-family: NanumSquareOTF_ac; font-size: medium; letter-spacing: -1px;\">&nbsp;</span></p>\r\n<h2 style=\"margin: 0px; padding: 0px; box-sizing: border-box; letter-spacing: -1px; color: #333333; font-family: nanumsquareotf_ac;\"><span style=\"font-size: 18px;\">[단지개요]</span></h2>\r\n<p style=\"padding: 0px; box-sizing: border-box; letter-spacing: -1px; color: #333333; font-family: NanumSquareOTF_ac; font-size: medium;\"></p>\r\n<p style=\"padding: 0px; box-sizing: border-box; letter-spacing: -1px; color: #333333; font-family: NanumSquareOTF_ac; font-size: medium;\"></p>\r\n<p style=\"padding: 0px; box-sizing: border-box;\"><font color=\"#333333\" face=\"NanumSquareOTF_ac\" size=\"3\"><span style=\"letter-spacing: -1px;\">■단지명 : 제이스타상봉</span></font></p>\r\n<p style=\"padding: 0px; box-sizing: border-box;\"><span style=\"letter-spacing: -1px; color: #333333; font-family: NanumSquareOTF_ac; font-size: medium;\">■주택위치 : 서울특별시 중랑구 상봉동 109-34번지 (7호선 상봉역 4번 출구)</span></p>\r\n<p style=\"padding: 0px; box-sizing: border-box;\"><span style=\"letter-spacing: -1px; color: #333333; font-family: NanumSquareOTF_ac; font-size: medium;\">■공급호수 : 총 77세대 중 금회 추가공급 공공지원민간임대 7세대 (일반공급 7세대)</span></p>\r\n<p style=\"padding: 0px; box-sizing: border-box;\"><span style=\"letter-spacing: -1px; color: #333333; font-family: NanumSquareOTF_ac; font-size: medium;\">■사업주체 : (주)대원교역상사</span></p>\r\n<p style=\"padding: 0px; box-sizing: border-box;\"><span style=\"letter-spacing: -1px; color: #333333; font-family: NanumSquareOTF_ac; font-size: medium;\">■시공사 : 이에스건설(주)</span></p>\r\n<p style=\"padding: 0px; box-sizing: border-box;\"><span style=\"letter-spacing: -1px; color: #333333; font-family: NanumSquareOTF_ac; font-size: medium;\">&nbsp;</span></p>\r\n<p style=\"padding: 0px; box-sizing: border-box;\"><span style=\"letter-spacing: -1px; color: #333333; font-family: NanumSquareOTF_ac; font-size: medium;\">&nbsp;</span></p>\r\n<h2 style=\"margin: 0px; padding: 0px; box-sizing: border-box; letter-spacing: -1px; color: #333333; font-family: nanumsquareotf_ac;\"><span style=\"font-size: 18px;\">[공급일정]</span></h2>\r\n<p style=\"padding: 0px; box-sizing: border-box; letter-spacing: -1px; color: #333333; font-family: NanumSquareOTF_ac; font-size: medium;\"></p>\r\n<p style=\"padding: 0px; box-sizing: border-box; letter-spacing: -1px; color: #333333; font-family: NanumSquareOTF_ac; font-size: medium;\"></p>\r\n<p style=\"padding: 0px; box-sizing: border-box;\"><font color=\"#333333\" face=\"NanumSquareOTF_ac\" size=\"3\"><span style=\"letter-spacing: -1px;\">■모집공고 : ‘25. 05. 21. (수)</span></font></p>\r\n<p style=\"padding: 0px; box-sizing: border-box;\"><span style=\"letter-spacing: -1px; color: #333333; font-family: NanumSquareOTF_ac; font-size: medium;\">■청약신청 : ‘25. 05. 26. (월) 10:00 ~ 05.27. (화) 23:30</span></p>\r\n<p style=\"padding: 0px; box-sizing: border-box;\"><span style=\"letter-spacing: -1px; color: #333333; font-family: NanumSquareOTF_ac; font-size: medium;\">■서류심사 대상자 발표 : ‘25. 05. 29. (목) 15시</span></p>\r\n<p style=\"padding: 0px; box-sizing: border-box;\"><span style=\"letter-spacing: -1px; color: #333333; font-family: NanumSquareOTF_ac; font-size: medium;\">■서류사본세출(이메일) : ‘25. 05. 30. (금)&nbsp;</span></p>\r\n<p style=\"padding: 0px; box-sizing: border-box;\"><font color=\"#333333\" face=\"NanumSquareOTF_ac\" size=\"3\"><span style=\"letter-spacing: -1px;\">■계약체결 및 원본서류제출 : ‘25. 06. 09. (월) 10시 ~ 16시</span></font></p>\r\n<p style=\"padding: 0px; box-sizing: border-box; letter-spacing: -1px; color: #333333; font-family: NanumSquareOTF_ac; font-size: medium;\">&nbsp;&nbsp;</p>\r\n<p style=\"padding: 0px; box-sizing: border-box; letter-spacing: -1px; color: #333333; font-family: NanumSquareOTF_ac; font-size: medium;\">&nbsp;</p>\r\n<h2 style=\"margin: 0px; padding: 0px; box-sizing: border-box; letter-spacing: -1px; color: #333333; font-family: nanumsquareotf_ac;\"><span style=\"font-size: 18px;\">[청약신청]</span></h2>\r\n<p style=\"padding: 0px; box-sizing: border-box; letter-spacing: -1px; color: #333333; font-family: NanumSquareOTF_ac; font-size: medium;\"></p>\r\n<p style=\"padding: 0px; box-sizing: border-box; letter-spacing: -1px; color: #333333; font-family: NanumSquareOTF_ac; font-size: medium;\"></p>\r\n<p style=\"padding: 0px; box-sizing: border-box;\"><font color=\"#333333\" face=\"NanumSquareOTF_ac\" size=\"3\"><span style=\"letter-spacing: -1px;\">■ 청약신청 페이지 : 네이버 폼 <a href=\"https://naver.me/FJIMfoLD\" target=\"_blank\" title=\"제이스타상봉 청약신청 페이지\"><b><span style=\"color: #0000ff;\">https://naver.me/FJIMfoLD</span></b></a></span></font></p>\r\n<p style=\"padding: 0px; box-sizing: border-box;\"><font color=\"#333333\" face=\"NanumSquareOTF_ac\" size=\"3\"><span style=\"letter-spacing: -1px;\">■ 단지 홈페이지 : <a href=\"https://jstar2030.modoo.at/\" target=\"_blank\" title=\"제이스타상봉 홈페이지\"><b><span style=\"color: #0000ff;\">https://jstar2030.modoo.at/</span></b></a></span></font></p>\r\n<p style=\"padding: 0px; box-sizing: border-box;\"><font color=\"#333333\" face=\"NanumSquareOTF_ac\" size=\"3\"><span style=\"letter-spacing: -1px;\">■ 문의전화 : 02-357-4102</span></font></p>\r\n<p style=\"padding: 0px; box-sizing: border-box;\"><font color=\"#333333\" face=\"NanumSquareOTF_ac\" size=\"3\"><span style=\"letter-spacing: -1px;\">■ 운영시간 : 10:00~16:00 (점심시간 : 12:00~13:00)</span></font></p>\r\n<p style=\"padding: 0px; box-sizing: border-box; letter-spacing: -1px; color: #333333; font-family: NanumSquareOTF_ac; font-size: medium;\">&nbsp;</p>\r\n"
  },
  {
    "rnum": 5,
    "boardId": 6236,
    "bbsId": "BMSR00015",
    "gubunCd": "20",
    "sortOrdr": null,
    "nttSj": "[민간임대] 신풍역 비스타동원 추가모집공고",
    "nttTyCd": "1",
    "ntceBgnde": null,
    "ntceEndde": null,
    "password": null,
    "inqireCo": 14148,
    "answerAt": null,
    "parntsNo": 0,
    "secretAt": null,
    "atchFileId": "cc379335589a4b59a3f7c103308a32a7",
    "imageReplcTextCn": null,
    "optn1": "2025-05-21",
    "optn2": "2",
    "optn3": "주식회사 랜드코퍼레이션",
    "optn4": "2025-05-23",
    "optn5": null,
    "delAt": "N",
    "useAt": "Y",
    "regUserId": "youth",
    "regUserNm": "역세권청년주택관리자",
    "regDate": 1747793865000,
    "modDate": 1747794237000,
    "modUserId": "youth",
    "answerDate": null,
    "nttBgnde": 1747810800000,
    "topAt": "N",
    "homeName": null,
    "nttType": "2",
    "content": "<p style=\"padding: 0px; box-sizing: border-box;\"><font color=\"#333333\" face=\"NanumSquareOTF_ac\" size=\"3\"><span style=\"letter-spacing: -1px;\">신풍역 비스타동원 청년안심주택 공공지원민간임대 입주자 추가모집공고를 게시합니다.&nbsp;</span></font></p>\r\n<p style=\"padding: 0px; box-sizing: border-box;\"><font color=\"#333333\" face=\"NanumSquareOTF_ac\" size=\"3\"><span style=\"letter-spacing: -1px;\">자세한 내용은 첨부파일의 모집공고문을 확인하시기 바랍니다.</span></font><span style=\"color: #333333; font-family: NanumSquareOTF_ac; font-size: medium; letter-spacing: -1px;\">&nbsp;</span></p>\r\n<p style=\"padding: 0px; box-sizing: border-box;\"><span style=\"color: #333333; font-family: NanumSquareOTF_ac; font-size: medium; letter-spacing: -1px;\">&nbsp;</span><span style=\"color: #333333; font-family: NanumSquareOTF_ac; font-size: medium; letter-spacing: -1px;\">&nbsp;</span></p>\r\n<h2 style=\"margin: 0px; padding: 0px; box-sizing: border-box; letter-spacing: -1px; color: #333333; font-family: nanumsquareotf_ac;\"><span style=\"font-size: 18px;\">[단지개요]</span></h2>\r\n<p style=\"padding: 0px; box-sizing: border-box; letter-spacing: -1px; color: #333333; font-family: NanumSquareOTF_ac; font-size: medium;\">■단지명 : 신풍역 비스타동원</p>\r\n<p style=\"padding: 0px; box-sizing: border-box;\"><span style=\"letter-spacing: -1px; color: #333333; font-family: NanumSquareOTF_ac; font-size: medium;\">■주택위치 : 서울특별시 영등포구 신길동 3608번지 (7호선 신풍역 2번 출구)</span></p>\r\n<p style=\"padding: 0px; box-sizing: border-box;\"><span style=\"letter-spacing: -1px; color: #333333; font-family: NanumSquareOTF_ac; font-size: medium;\">■공급호수 : 총 576세대 중 금회 추가공급 공공지원민간임대 2세대 (일반공급 2세대) 및 예비자</span></p>\r\n<p style=\"padding: 0px; box-sizing: border-box;\"><span style=\"letter-spacing: -1px; color: #333333; font-family: NanumSquareOTF_ac; font-size: medium;\">■사업주체 : 주식회사 랜드코퍼레이션</span></p>\r\n<p style=\"padding: 0px; box-sizing: border-box;\"><span style=\"letter-spacing: -1px; color: #333333; font-family: NanumSquareOTF_ac; font-size: medium;\">■시공사 : 주식회사 동원개발</span></p>\r\n<p style=\"padding: 0px; box-sizing: border-box;\"><span style=\"letter-spacing: -1px; color: #333333; font-family: NanumSquareOTF_ac; font-size: medium;\">&nbsp;</span><span style=\"color: #333333; font-family: NanumSquareOTF_ac; font-size: medium; letter-spacing: -1px;\">&nbsp;</span></p>\r\n<h2 style=\"margin: 0px; padding: 0px; box-sizing: border-box; letter-spacing: -1px; color: #333333; font-family: nanumsquareotf_ac;\"><span style=\"font-size: 18px;\">[공급일정]</span></h2>\r\n<p style=\"padding: 0px; box-sizing: border-box; letter-spacing: -1px; color: #333333; font-family: NanumSquareOTF_ac; font-size: medium;\">■모집공고 : ‘25. 05. 21. (수)</p>\r\n<p style=\"padding: 0px; box-sizing: border-box;\"><span style=\"letter-spacing: -1px; color: #333333; font-family: NanumSquareOTF_ac; font-size: medium;\">■청약신청 : ‘25. 05. 23. (금) 09:00 ~ 21:00</span></p>\r\n<p style=\"padding: 0px; box-sizing: border-box;\"><span style=\"color: #333333; font-family: NanumSquareOTF_ac; font-size: medium; letter-spacing: -1px;\">■서류심사 대상자 발표 : ‘25. 05. 27. (화) 11시</span></p>\r\n<p style=\"padding: 0px; box-sizing: border-box;\"><span style=\"letter-spacing: -1px; color: #333333; font-family: NanumSquareOTF_ac; font-size: medium;\">■서류사본세출(이메일) : ‘25. 05. 27. (화) ~ 05. 28. (수)&nbsp;</span></p>\r\n<p style=\"padding: 0px; box-sizing: border-box;\"><font color=\"#333333\" face=\"NanumSquareOTF_ac\" size=\"3\"><span style=\"letter-spacing: -1px;\">■계약체결 및 원본서류제출 : ‘25. 06. 04. (수)&nbsp;</span></font></p>\r\n<p style=\"padding: 0px; box-sizing: border-box; letter-spacing: -1px; color: #333333; font-family: NanumSquareOTF_ac; font-size: medium;\">&nbsp;</p>\r\n<h2 style=\"margin: 0px; padding: 0px; box-sizing: border-box; letter-spacing: -1px; color: #333333; font-family: nanumsquareotf_ac;\"><span style=\"font-size: 18px;\">[청약신청]</span></h2>\r\n<p style=\"padding: 0px; box-sizing: border-box; letter-spacing: -1px; color: #333333; font-family: NanumSquareOTF_ac; font-size: medium;\">■ 청약신청 페이지 : 네이버 폼 <b><span style=\"color: #0000ff;\"><a href=\"https://naver.me/ximKAc1s\" target=\"_blank\" title=\"신풍역 추가모집 청약신청 페이지\">https://naver.me/ximKAc1s</a></span></b></p>\r\n<p style=\"padding: 0px; box-sizing: border-box;\"><font color=\"#333333\" face=\"NanumSquareOTF_ac\" size=\"3\"><span style=\"letter-spacing: -1px;\">■ 단지 홈페이지 :&nbsp;</span></font><span style=\"letter-spacing: -1px; color: #333333; font-family: NanumSquareOTF_ac; font-size: medium;\"><b><span style=\"color: #0000ff;\"><a href=\"http://www.sinpung2030.com\" target=\"_blank\" title=\"신풍역 단지 홈페이지\">www.sinpung2030.com</a></span></b></span></p>\r\n<p style=\"padding: 0px; box-sizing: border-box;\"><font color=\"#333333\" face=\"NanumSquareOTF_ac\" size=\"3\"><span style=\"letter-spacing: -1px;\">■ 문의전화 : 02-6233-2005</span></font></p>\r\n<p style=\"padding: 0px; box-sizing: border-box;\"><font color=\"#333333\" face=\"NanumSquareOTF_ac\" size=\"3\"><span style=\"letter-spacing: -1px;\">■ 운영시간 : 10:00~16:00 (점심시간 : 12:00~13:00)</span></font></p>\r\n<p style=\"padding: 0px; box-sizing: border-box; letter-spacing: -1px; color: #333333; font-family: NanumSquareOTF_ac; font-size: medium;\">&nbsp;</p>\r\n"
  },
  {
    "rnum": 6,
    "boardId": 6235,
    "bbsId": "BMSR00015",
    "gubunCd": "12",
    "sortOrdr": null,
    "nttSj": "[민간임대] 신대방삼거리역 골든노블레스 추가모집공고",
    "nttTyCd": "1",
    "ntceBgnde": null,
    "ntceEndde": null,
    "password": null,
    "inqireCo": 16742,
    "answerAt": null,
    "parntsNo": 0,
    "secretAt": null,
    "atchFileId": "2caa149bd47f4573a41919404cab0fae",
    "imageReplcTextCn": null,
    "optn1": "2025-05-21",
    "optn2": "2",
    "optn3": "이영희 외 3인",
    "optn4": "2025-05-26",
    "optn5": null,
    "delAt": "N",
    "useAt": "Y",
    "regUserId": "youth",
    "regUserNm": "역세권청년주택관리자",
    "regDate": 1747792977000,
    "modDate": 1747793917000,
    "modUserId": "youth",
    "answerDate": null,
    "nttBgnde": 1747810800000,
    "topAt": "N",
    "homeName": null,
    "nttType": "2",
    "content": "<p style=\"padding: 0px; box-sizing: border-box;\"><font color=\"#333333\" face=\"NanumSquareOTF_ac\" size=\"3\"><span style=\"letter-spacing: -1px;\">신대방삼거리역 골든노블레스 청년안심주택 공공지원민간임대 입주자 추가모집공고를 게시합니다.&nbsp;</span></font></p>\r\n<p style=\"padding: 0px; box-sizing: border-box;\"><font color=\"#333333\" face=\"NanumSquareOTF_ac\" size=\"3\"><span style=\"letter-spacing: -1px;\">자세한 내용은 첨부파일의 모집공고문을 확인하시기 바랍니다.</span></font><span style=\"color: #333333; font-family: NanumSquareOTF_ac; font-size: medium; letter-spacing: -1px;\">&nbsp;</span></p>\r\n<p style=\"padding: 0px; box-sizing: border-box;\"><span style=\"color: #333333; font-family: NanumSquareOTF_ac; font-size: medium; letter-spacing: -1px;\">&nbsp;</span></p>\r\n<p style=\"padding: 0px; box-sizing: border-box;\"><span style=\"font-size: 18px; color: #333333; font-family: nanumsquareotf_ac; letter-spacing: -1px;\"><b>[단지개요]</b></span></p>\r\n<p style=\"padding: 0px; box-sizing: border-box; letter-spacing: -1px; color: #333333; font-family: NanumSquareOTF_ac; font-size: medium;\">■단지명 : 골든노블레스</p>\r\n<p style=\"padding: 0px; box-sizing: border-box;\"><span style=\"letter-spacing: -1px; color: #333333; font-family: NanumSquareOTF_ac; font-size: medium;\">■주택위치 : 서울특별시 동작구 상도로36 (7호선 신대방삼거리역 3번 출구)</span></p>\r\n<p style=\"padding: 0px; box-sizing: border-box;\"><span style=\"letter-spacing: -1px; color: #333333; font-family: NanumSquareOTF_ac; font-size: medium;\">■공급호수 : 총 110세대 중 금회 추가공급 공공지원민간임대 2세대 (특별공급 1세대, 일반공급 1세대)</span></p>\r\n<p style=\"padding: 0px; box-sizing: border-box;\"><span style=\"letter-spacing: -1px; color: #333333; font-family: NanumSquareOTF_ac; font-size: medium;\">■사업주체 : 이영희 외 3인</span></p>\r\n<p style=\"padding: 0px; box-sizing: border-box;\"><span style=\"letter-spacing: -1px; color: #333333; font-family: NanumSquareOTF_ac; font-size: medium;\">■시공사 : 크라운종합건설</span></p>\r\n<p style=\"padding: 0px; box-sizing: border-box;\"><span style=\"letter-spacing: -1px; color: #333333; font-family: NanumSquareOTF_ac; font-size: medium;\">&nbsp;</span><span style=\"color: #333333; font-family: NanumSquareOTF_ac; font-size: medium; letter-spacing: -1px;\">&nbsp;</span></p>\r\n<p style=\"padding: 0px; box-sizing: border-box;\"><span style=\"font-size: 18px; color: #333333; font-family: nanumsquareotf_ac; letter-spacing: -1px;\"><b>[공급일정]</b></span></p>\r\n<p style=\"padding: 0px; box-sizing: border-box; letter-spacing: -1px; color: #333333; font-family: NanumSquareOTF_ac; font-size: medium;\">■모집공고 : ‘25. 05. 21. (수)</p>\r\n<p style=\"padding: 0px; box-sizing: border-box;\"><span style=\"letter-spacing: -1px; font-family: nanumsquareotf_ac; font-size: medium; color: #ff007f;\"><b>■청약신청 : ‘25. 05. 26. (월) 10:00 ~ 16:00</b></span></p>\r\n<p style=\"padding: 0px; box-sizing: border-box;\"><span style=\"letter-spacing: -1px; color: #333333; font-family: NanumSquareOTF_ac; font-size: medium;\">■서류심사 대상자 발표 : ‘25. 05. 28. (수) 15시</span></p>\r\n<p style=\"padding: 0px; box-sizing: border-box;\"><span style=\"letter-spacing: -1px; color: #333333; font-family: NanumSquareOTF_ac; font-size: medium;\">■서류사본세출(이메일) : ‘25. 06. 02. (월)&nbsp;</span></p>\r\n<p style=\"padding: 0px; box-sizing: border-box;\"><font color=\"#333333\" face=\"NanumSquareOTF_ac\" size=\"3\"><span style=\"letter-spacing: -1px;\">■계약체결 및 원본서류제출 : ‘25. 06. 09. (월) 10시 ~ 15시</span></font></p>\r\n<p style=\"padding: 0px; box-sizing: border-box; letter-spacing: -1px; color: #333333; font-family: NanumSquareOTF_ac; font-size: medium;\">&nbsp;&nbsp;</p>\r\n<p style=\"padding: 0px; box-sizing: border-box; letter-spacing: -1px; color: #333333; font-family: NanumSquareOTF_ac; font-size: medium;\"><b>&nbsp;<span style=\"font-size: 18px; font-family: nanumsquareotf_ac;\">[청약신청]</span></b></p>\r\n<p style=\"padding: 0px; box-sizing: border-box; letter-spacing: -1px; color: #333333; font-family: NanumSquareOTF_ac; font-size: medium;\"><font face=\"NanumSquareOTF_ac\" size=\"3\" style=\"color: #000000;\"><font color=\"#333333\">■ 청약신청 페이지 :</font><font color=\"#0000ff\"><b>&nbsp;</b></font></font><a href=\"https://www.db40314.kr/\" target=\"_blank\" title=\"골든노블레스 단지홈페이지\"><b>https://www.db40314.kr/</b></a></p>\r\n<p style=\"padding: 0px; box-sizing: border-box;\"><span style=\"letter-spacing: -1px; color: #333333; font-family: NanumSquareOTF_ac; font-size: medium;\">■ 문의전화 : 070-7609-0100</span></p>\r\n<p style=\"padding: 0px; box-sizing: border-box;\"><font color=\"#333333\" face=\"NanumSquareOTF_ac\" size=\"3\"><span style=\"letter-spacing: -1px;\">■ 운영시간 : 10:00~17:00 (점심시간 : 12:00~13:00)</span></font></p>\r\n<p style=\"padding: 0px; box-sizing: border-box; letter-spacing: -1px; color: #333333; font-family: NanumSquareOTF_ac; font-size: medium;\">&nbsp;</p>\r\n"
  },
  {
    "rnum": 7,
    "boardId": 6232,
    "bbsId": "BMSR00015",
    "gubunCd": "12",
    "sortOrdr": null,
    "nttSj": "[민간임대] 노량진역 더써밋타워 추가모집공고",
    "nttTyCd": "1",
    "ntceBgnde": null,
    "ntceEndde": null,
    "password": null,
    "inqireCo": 14856,
    "answerAt": null,
    "parntsNo": 0,
    "secretAt": null,
    "atchFileId": "4785630baaa0424fa66da5e13e0b7102",
    "imageReplcTextCn": null,
    "optn1": "2025-05-19",
    "optn2": "2",
    "optn3": "코레이트노량진역청년주택 유한회사",
    "optn4": "2025-05-22",
    "optn5": null,
    "delAt": "N",
    "useAt": "Y",
    "regUserId": "youth",
    "regUserNm": "역세권청년주택관리자",
    "regDate": 1747618481000,
    "modDate": 1747703687000,
    "modUserId": "youth",
    "answerDate": null,
    "nttBgnde": 1747638000000,
    "topAt": "N",
    "homeName": null,
    "nttType": "2",
    "content": "<p><span style=\"color: #333333; font-family: NanumSquareOTF_ac; font-size: medium; letter-spacing: -1px;\">노량진</span><span style=\"color: #333333; font-family: NanumSquareOTF_ac; font-size: medium; letter-spacing: -1px; margin: 0px; padding: 0px; box-sizing: border-box;\">역 더써밋타워 청년안심주택&nbsp;</span><span style=\"color: #333333; font-family: NanumSquareOTF_ac; font-size: medium; letter-spacing: -1px; margin: 0px; padding: 0px; box-sizing: border-box;\">공공지원민간임대&nbsp;</span><span style=\"color: #333333; font-family: NanumSquareOTF_ac; font-size: medium; letter-spacing: -1px; margin: 0px; padding: 0px; box-sizing: border-box;\">입주자 추가모집공고를 게시합니다.&nbsp;</span></p>\r\n<p><span style=\"color: #333333; font-family: NanumSquareOTF_ac; font-size: medium; letter-spacing: -1px; margin: 0px; padding: 0px; box-sizing: border-box;\">자세한 내용은 첨부파일의 모집공고문을 확인하시기 바랍니다.</span></p>\r\n<p style=\"padding: 0px; box-sizing: border-box; letter-spacing: -1px; color: #333333; font-family: NanumSquareOTF_ac; font-size: medium;\">&nbsp;</p>\r\n<p style=\"padding: 0px; box-sizing: border-box; letter-spacing: -1px; color: #333333; font-family: NanumSquareOTF_ac; font-size: medium;\"><b style=\"margin: 0px; padding: 0px; box-sizing: border-box; font-size: 20px;\">[단지개요]</b></p>\r\n<p style=\"padding: 0px; box-sizing: border-box; letter-spacing: -1px; color: #333333; font-family: NanumSquareOTF_ac; font-size: medium;\">■단지명 : 더써밋타워</p>\r\n<p style=\"padding: 0px; box-sizing: border-box; letter-spacing: -1px; color: #333333; font-family: NanumSquareOTF_ac; font-size: medium;\">■주택위치 : 서울특별시 동작구 장승배기로 174 (9호선 노량진역 4번 출구)</p>\r\n<p style=\"padding: 0px; box-sizing: border-box; letter-spacing: -1px; color: #333333; font-family: NanumSquareOTF_ac; font-size: medium;\">■공급호수 : 총 299세대 중 금회 추가공급 공공지원민간임대 2세대 (특별공급 1세대, 일반공급 1세대)</p>\r\n<p style=\"padding: 0px; box-sizing: border-box; letter-spacing: -1px; color: #333333; font-family: NanumSquareOTF_ac; font-size: medium;\">■사업주체 : 코레이트노량진역청년주택전문투자형사모부동산투자 유한회사</p>\r\n<p style=\"padding: 0px; box-sizing: border-box; letter-spacing: -1px; color: #333333; font-family: NanumSquareOTF_ac; font-size: medium;\">■시공사 : 강남건영(주)</p>\r\n<p style=\"padding: 0px; box-sizing: border-box; letter-spacing: -1px; color: #333333; font-family: NanumSquareOTF_ac; font-size: medium;\">&nbsp;&nbsp;</p>\r\n<h1 style=\"margin: 0px; padding: 0px; box-sizing: border-box; letter-spacing: -1px; color: #333333; font-family: nanumsquareotf_ac;\"><span style=\"font-size: 20px;\">[공급일정]</span></h1>\r\n<p style=\"padding: 0px; box-sizing: border-box; letter-spacing: -1px; color: #333333; font-family: NanumSquareOTF_ac; font-size: medium;\">■모집공고 : ‘25. 05. 19. (월)</p>\r\n<p style=\"padding: 0px; box-sizing: border-box; letter-spacing: -1px; color: #333333; font-family: NanumSquareOTF_ac; font-size: medium;\"><b>■청약신청 :<span style=\"color: #ff007f;\">&nbsp;‘25. 05. 22. (목) 10:00~18:00</span></b></p>\r\n<p style=\"padding: 0px; box-sizing: border-box; letter-spacing: -1px; color: #333333; font-family: NanumSquareOTF_ac; font-size: medium;\">■서류심사 대상자 발표 : ‘25. 05. 23. (금) 14시</p>\r\n<p style=\"padding: 0px; box-sizing: border-box; letter-spacing: -1px; color: #333333; font-family: NanumSquareOTF_ac; font-size: medium;\">■계약체결 및 원본서류제출 : ‘25. 05. 26. (월) ~ 05. 28. (수)</p>\r\n<p style=\"padding: 0px; box-sizing: border-box; letter-spacing: -1px; color: #333333; font-family: NanumSquareOTF_ac; font-size: medium;\"><span style=\"font-size: 20px; font-family: nanumsquareotf_ac;\">&nbsp;</span></p>\r\n<h1 style=\"padding: 0px; box-sizing: border-box; letter-spacing: -1px; color: #333333; font-family: NanumSquareOTF_ac; font-size: medium;\"><span style=\"font-size: 20px; font-family: nanumsquareotf_ac;\"><b>[청약신청]</b></span></h1>\r\n<p style=\"padding: 0px; box-sizing: border-box;\"><font color=\"#333333\" face=\"NanumSquareOTF_ac\" size=\"3\"><span style=\"letter-spacing: -1px;\">■ 청약신청 페이지 :&nbsp;</span></font><span style=\"letter-spacing: -1px; color: #0000ff; font-family: NanumSquareOTF_ac; font-size: 18px;\"><a href=\"https://thesummittower.co.kr/\" target=\"_blank\" title=\"노량진역 추가모집 신청 페이지\"><b>https://thesummittower.co.kr/</b></a></span></p>\r\n<p style=\"padding: 0px; box-sizing: border-box;\"><span style=\"color: #333333; font-family: NanumSquareOTF_ac; font-size: medium; letter-spacing: -1px;\">■ 문의전화 : 02-823-5410</span></p>\r\n<p style=\"padding: 0px; box-sizing: border-box; letter-spacing: -1px; color: #333333; font-family: NanumSquareOTF_ac; font-size: medium;\">■ 운영시간 : 09:00~18:00 (점심시간 : 12:00~13:00)</p>\r\n<p style=\"padding: 0px; box-sizing: border-box; letter-spacing: -1px; color: #333333; font-family: NanumSquareOTF_ac; font-size: medium;\">&nbsp;</p>\r\n"
  },
  {
    "rnum": 8,
    "boardId": 6233,
    "bbsId": "BMSR00015",
    "gubunCd": "12",
    "sortOrdr": null,
    "nttSj": "[민간임대] 노량진역 더클래식 동작 추가모집공고",
    "nttTyCd": "1",
    "ntceBgnde": null,
    "ntceEndde": null,
    "password": null,
    "inqireCo": 14214,
    "answerAt": null,
    "parntsNo": 0,
    "secretAt": null,
    "atchFileId": "8d1d3c91f3134d369181ece882f611e2",
    "imageReplcTextCn": null,
    "optn1": "2025-05-19",
    "optn2": "2",
    "optn3": "더클래식 동작",
    "optn4": "2025-05-22",
    "optn5": null,
    "delAt": "N",
    "useAt": "Y",
    "regUserId": "youth",
    "regUserNm": "역세권청년주택관리자",
    "regDate": 1747618531000,
    "modDate": 1747703673000,
    "modUserId": "youth",
    "answerDate": null,
    "nttBgnde": 1747638000000,
    "topAt": "N",
    "homeName": null,
    "nttType": "2",
    "content": "<p><span style=\"color: #333333; font-family: NanumSquareOTF_ac; font-size: medium; letter-spacing: -1px;\">노량진</span><span style=\"color: #333333; font-family: NanumSquareOTF_ac; font-size: medium; letter-spacing: -1px; margin: 0px; padding: 0px; box-sizing: border-box;\">역 더클래식 동작&nbsp;청년안심주택&nbsp;</span><span style=\"color: #333333; font-family: NanumSquareOTF_ac; font-size: medium; letter-spacing: -1px; margin: 0px; padding: 0px; box-sizing: border-box;\">공공지원민간임대&nbsp;</span><span style=\"color: #333333; font-family: NanumSquareOTF_ac; font-size: medium; letter-spacing: -1px; margin: 0px; padding: 0px; box-sizing: border-box;\">입주자 추가모집공고를 게시합니다.&nbsp;</span></p>\r\n<p><span style=\"color: #333333; font-family: NanumSquareOTF_ac; font-size: medium; letter-spacing: -1px; margin: 0px; padding: 0px; box-sizing: border-box;\">자세한 내용은 첨부파일의 모집공고문을 확인하시기 바랍니다.</span></p>\r\n<p style=\"padding: 0px; box-sizing: border-box; letter-spacing: -1px; color: #333333; font-family: NanumSquareOTF_ac; font-size: medium;\">&nbsp;</p>\r\n<p style=\"padding: 0px; box-sizing: border-box; letter-spacing: -1px; color: #333333; font-family: NanumSquareOTF_ac; font-size: medium;\"><b style=\"margin: 0px; padding: 0px; box-sizing: border-box; font-size: 20px;\">[단지개요]</b></p>\r\n<p style=\"padding: 0px; box-sizing: border-box; letter-spacing: -1px; color: #333333; font-family: NanumSquareOTF_ac; font-size: medium;\">■단지명 : 더클래식 동작</p>\r\n<p style=\"padding: 0px; box-sizing: border-box; letter-spacing: -1px; color: #333333; font-family: NanumSquareOTF_ac; font-size: medium;\">■주택위치 : 서울특별시 동작구 노량진동 37-1 (1,9호선 노량진역 6번 출구)</p>\r\n<p style=\"padding: 0px; box-sizing: border-box; letter-spacing: -1px; color: #333333; font-family: NanumSquareOTF_ac; font-size: medium;\">■공급호수 : 총&nbsp; 235세대 중 금회 추가공급 공공지원민간임대 2세대 (특별공급 1세대, 일반공급 1세대)</p>\r\n<p style=\"padding: 0px; box-sizing: border-box; letter-spacing: -1px; color: #333333; font-family: NanumSquareOTF_ac; font-size: medium;\">■사업주체 : 더클래식 동작</p>\r\n<p style=\"padding: 0px; box-sizing: border-box; letter-spacing: -1px; color: #333333; font-family: NanumSquareOTF_ac; font-size: medium;\">■시공사 : 강남건영(주)</p>\r\n<p style=\"padding: 0px; box-sizing: border-box; letter-spacing: -1px; color: #333333; font-family: NanumSquareOTF_ac; font-size: medium;\">&nbsp;</p>\r\n<h2 style=\"margin: 0px; padding: 0px; box-sizing: border-box; letter-spacing: -1px; color: #333333; font-family: nanumsquareotf_ac;\"><span style=\"font-size: 18px;\">[공급일정]</span></h2>\r\n<p style=\"padding: 0px; box-sizing: border-box; letter-spacing: -1px; color: #333333; font-family: NanumSquareOTF_ac; font-size: medium;\">■모집공고 : ‘25. 05. 19. (월)</p>\r\n<p style=\"padding: 0px; box-sizing: border-box; letter-spacing: -1px; color: #333333; font-family: NanumSquareOTF_ac; font-size: medium;\"><b>■청약신청 :<span style=\"color: #ff007f;\">&nbsp;‘25. 05. 22. (목) 10:00~18:00</span></b></p>\r\n<p style=\"padding: 0px; box-sizing: border-box; letter-spacing: -1px; color: #333333; font-family: NanumSquareOTF_ac; font-size: medium;\">■서류심사 대상자 발표 : ‘25. 05. 23. (금) 14시</p>\r\n<p style=\"padding: 0px; box-sizing: border-box; letter-spacing: -1px; color: #333333; font-family: NanumSquareOTF_ac; font-size: medium;\">■계약체결 및 원본서류제출 : ‘25. 05. 26. (월) ~ 05. 28. (수)</p>\r\n<p style=\"padding: 0px; box-sizing: border-box; letter-spacing: -1px; color: #333333; font-family: NanumSquareOTF_ac; font-size: medium;\">&nbsp;</p>\r\n<h2 style=\"margin: 0px; padding: 0px; box-sizing: border-box; letter-spacing: -1px; color: #333333; font-family: nanumsquareotf_ac;\"><span style=\"font-size: 18px;\">[청약신청]</span></h2>\r\n<p style=\"padding: 0px; box-sizing: border-box;\"><font color=\"#333333\" face=\"NanumSquareOTF_ac\" size=\"3\"><span style=\"letter-spacing: -1px;\">■ 홈페이지 : 더클래식 동작 홈페이지&nbsp;</span></font><span style=\"font-family: nanumsquareotf_ac; letter-spacing: -1px; font-size: 18px; color: #0000ff;\"><b><a href=\"https://theclassic2030.modoo.at/\" target=\"_blank\" title=\"더클래식 동작 홈페이지\">(</a></b></span><span style=\"letter-spacing: -1px;\"><b><span style=\"font-size: 18px; color: #0000ff;\"><a href=\"https://theclassic2030.co.kr/\" target=\"_blank\" title=\"더클랙식동작 홈페이지 바로가기\">https://theclassic2030.co.kr/</a></span></b></span><font color=\"#0000ff\" style=\"font-family: nanumsquareotf_ac; letter-spacing: -1px;\"><b><span style=\"font-size: 18px;\">)</span></b></font></p>\r\n<p style=\"padding: 0px; box-sizing: border-box; letter-spacing: -1px; color: #333333; font-family: NanumSquareOTF_ac; font-size: medium;\">■ 문의전화 : 02-823-3300</p>\r\n<p style=\"padding: 0px; box-sizing: border-box; letter-spacing: -1px; color: #333333; font-family: NanumSquareOTF_ac; font-size: medium;\">■ 운영시간 : 09:00~18:00 (점심시간 : 12:00~13:00)</p>\r\n<p style=\"padding: 0px; box-sizing: border-box; letter-spacing: -1px; color: #333333; font-family: NanumSquareOTF_ac; font-size: medium;\"><br /></p>\r\n"
  },
  {
    "rnum": 9,
    "boardId": 6229,
    "bbsId": "BMSR00015",
    "gubunCd": "11",
    "sortOrdr": null,
    "nttSj": "[민간임대] 장한평역 장안동 하트리움 추가모집공고",
    "nttTyCd": "1",
    "ntceBgnde": null,
    "ntceEndde": null,
    "password": null,
    "inqireCo": 21179,
    "answerAt": null,
    "parntsNo": 0,
    "secretAt": null,
    "atchFileId": "e336ff59b6334cf4bbc145a57dd931cc",
    "imageReplcTextCn": null,
    "optn1": "2025-05-09",
    "optn2": "2",
    "optn3": "주식회사 씨드원",
    "optn4": "2025-05-10",
    "optn5": null,
    "delAt": "N",
    "useAt": "Y",
    "regUserId": "youth",
    "regUserNm": "역세권청년주택관리자",
    "regDate": 1746753140000,
    "modDate": null,
    "modUserId": null,
    "answerDate": null,
    "nttBgnde": 1746774000000,
    "topAt": "N",
    "homeName": null,
    "nttType": "2",
    "content": "<p><span style=\"color: #333333; font-family: NanumSquareOTF_ac; font-size: medium; letter-spacing: -1px; margin: 0px; padding: 0px; box-sizing: border-box;\">장한평역 장안동 하트리움 청년안심주택&nbsp;</span><span style=\"color: #333333; font-family: NanumSquareOTF_ac; font-size: medium; letter-spacing: -1px; margin: 0px; padding: 0px; box-sizing: border-box;\">공공지원민간임대&nbsp;</span><span style=\"color: #333333; font-family: NanumSquareOTF_ac; font-size: medium; letter-spacing: -1px; margin: 0px; padding: 0px; box-sizing: border-box;\">입주자 추가모집공고를 게시합니다.&nbsp;</span></p>\r\n<p><span style=\"color: #333333; font-family: NanumSquareOTF_ac; font-size: medium; letter-spacing: -1px; margin: 0px; padding: 0px; box-sizing: border-box;\">자세한 내용은 첨부파일의 모집공고문을 확인하시기 바랍니다.</span></p>\r\n<p style=\"padding: 0px; box-sizing: border-box; letter-spacing: -1px; color: #333333; font-family: NanumSquareOTF_ac; font-size: medium;\">&nbsp;</p>\r\n<p style=\"padding: 0px; box-sizing: border-box; letter-spacing: -1px; color: #333333; font-family: NanumSquareOTF_ac; font-size: medium;\"><b style=\"margin: 0px; padding: 0px; box-sizing: border-box; font-size: 20px;\">[단지개요]</b></p>\r\n<p style=\"padding: 0px; box-sizing: border-box; letter-spacing: -1px; color: #333333; font-family: NanumSquareOTF_ac; font-size: medium;\">■단지명 : 장안동 하트리움</p>\r\n<p style=\"padding: 0px; box-sizing: border-box; letter-spacing: -1px; color: #333333; font-family: NanumSquareOTF_ac; font-size: medium;\">■주택위치 : 서울특별시 동대문구 장한로2일 44 (5호선 장한평역 3,4번 출구)</p>\r\n<p style=\"padding: 0px; box-sizing: border-box; letter-spacing: -1px; color: #333333; font-family: NanumSquareOTF_ac; font-size: medium;\">■공급호수 : 총&nbsp; 284세대 중&nbsp;금회 추가공급&nbsp;공공지원민간임대 8세대 (특별공급 3세대, 일반공급 5세대)</p>\r\n<p style=\"padding: 0px; box-sizing: border-box; letter-spacing: -1px; color: #333333; font-family: NanumSquareOTF_ac; font-size: medium;\">■사업주체 : 주식회사 씨드원</p>\r\n<p style=\"padding: 0px; box-sizing: border-box; letter-spacing: -1px; color: #333333; font-family: NanumSquareOTF_ac; font-size: medium;\">■시공사 : 주식회사 두진건설</p>\r\n<p style=\"padding: 0px; box-sizing: border-box; letter-spacing: -1px; color: #333333; font-family: NanumSquareOTF_ac; font-size: medium;\">&nbsp;</p>\r\n<h2 style=\"margin: 0px; padding: 0px; box-sizing: border-box; letter-spacing: -1px; color: #333333; font-family: nanumsquareotf_ac;\"><span style=\"font-size: 18px;\">[공급일정]</span></h2>\r\n<p style=\"padding: 0px; box-sizing: border-box; letter-spacing: -1px; color: #333333; font-family: NanumSquareOTF_ac; font-size: medium;\"></p>\r\n<p style=\"padding: 0px; box-sizing: border-box; letter-spacing: -1px; color: #333333; font-family: NanumSquareOTF_ac; font-size: medium;\">■모집공고 : ‘25. 05. 09. (금)</p>\r\n<p style=\"padding: 0px; box-sizing: border-box; letter-spacing: -1px; font-family: nanumsquareotf_ac; font-size: medium;\"><b><span style=\"color: #ff00ff;\">■청약신청 : ‘25. 05. 10. (토)&nbsp; 00:30 ~ </span></b><b><span style=\"color: #ff00ff;\">&nbsp;‘25. 05. 13.(화)&nbsp;</span></b><b><span style=\"color: #ff00ff;\">17:00&nbsp;</span></b></p>\r\n<p style=\"padding: 0px; box-sizing: border-box; letter-spacing: -1px; color: #333333; font-family: NanumSquareOTF_ac; font-size: medium;\">■서류심사 대상자 발표 : ‘25. 05. 14. (수) 17:00</p>\r\n<p style=\"padding: 0px; box-sizing: border-box; letter-spacing: -1px; color: #333333; font-family: NanumSquareOTF_ac; font-size: medium;\">■서류제출 및&nbsp;계약체결&nbsp;: ‘25. 05. 15. (목) ~&nbsp;‘25. 05. 21. (수)&nbsp;&nbsp;</p>\r\n<p style=\"padding: 0px; box-sizing: border-box; letter-spacing: -1px; color: #333333; font-family: NanumSquareOTF_ac; font-size: medium;\">■입주지정기간 : 임대차 계약 체결일로부터 35일 이내로 입주일을 지정</p>\r\n<p style=\"padding: 0px; box-sizing: border-box; letter-spacing: -1px; color: #333333; font-family: NanumSquareOTF_ac; font-size: medium;\">&nbsp;</p>\r\n<p style=\"padding: 0px; box-sizing: border-box; letter-spacing: -1px; color: #333333; font-family: NanumSquareOTF_ac; font-size: medium;\">&nbsp;</p>\r\n<h2 style=\"margin: 0px; padding: 0px; box-sizing: border-box; letter-spacing: -1px; color: #333333; font-family: nanumsquareotf_ac;\"><span style=\"font-size: 18px;\">[청약신청]</span></h2>\r\n<p style=\"padding: 0px; box-sizing: border-box;\"><span style=\"font-family: NanumSquareOTF_ac; font-size: medium; letter-spacing: -1px; color: #333333;\"></span></p>\r\n<p style=\"padding: 0px; box-sizing: border-box; letter-spacing: -1px; color: #333333; font-family: NanumSquareOTF_ac; font-size: medium;\"><font color=\"#333333\" face=\"NanumSquareOTF_ac\" size=\"3\" style=\"margin: 0px; padding: 0px; box-sizing: border-box;\">■ 청약신청 페이지 :&nbsp;</font><span style=\"font-size: 18px; color: #0000ff;\"><b><u><a href=\"https://naver.me/F42h0qyI\" target=\"_blank\" title=\"장안동 하트리움 청약신청 페이지\">https://naver.me/F42h0qyI</a></u></b></span></p>\r\n<p style=\"padding: 0px; box-sizing: border-box; letter-spacing: -1px; color: #333333; font-family: NanumSquareOTF_ac; font-size: medium;\">■ 단지 홈페이지 :<span style=\"font-size: 18px;\">&nbsp;</span><a href=\"https://janganheartrium.co.kr/\" target=\"_blank\" title=\"장한평역 하트리움 홈페이지\"><b><span style=\"color: #0000ff; font-size: 18px;\">https://janganheartrium.co.kr/</span></b></a></p>\r\n<p style=\"padding: 0px; box-sizing: border-box; letter-spacing: -1px; color: #333333; font-family: NanumSquareOTF_ac; font-size: medium;\">■ 문의전화 : 02-2038-9931</p>\r\n<p style=\"padding: 0px; box-sizing: border-box; letter-spacing: -1px; color: #333333; font-family: NanumSquareOTF_ac; font-size: medium;\">■ 운영시간 : 10:00~16:00 (점심시간 : 12:00~13:00)</p>\r\n<p style=\"padding: 0px; box-sizing: border-box; letter-spacing: -1px; color: #333333; font-family: NanumSquareOTF_ac; font-size: medium;\">&nbsp;</p>\r\n"
  },
  {
    "rnum": 10,
    "boardId": 6228,
    "bbsId": "BMSR00015",
    "gubunCd": "05",
    "sortOrdr": null,
    "nttSj": "[민간임대] 서울대입구역 BX201 추가모집공고",
    "nttTyCd": "1",
    "ntceBgnde": null,
    "ntceEndde": null,
    "password": null,
    "inqireCo": 21754,
    "answerAt": null,
    "parntsNo": 0,
    "secretAt": null,
    "atchFileId": "239af62e0c4647b4a42e806e56ce4b88",
    "imageReplcTextCn": null,
    "optn1": "2025-05-09",
    "optn2": "2",
    "optn3": "라온스테이 2030 역세권청년주택 (박정호 외 3인)",
    "optn4": "2025-05-14",
    "optn5": null,
    "delAt": "N",
    "useAt": "Y",
    "regUserId": "youth",
    "regUserNm": "역세권청년주택관리자",
    "regDate": 1746752148000,
    "modDate": 1746752940000,
    "modUserId": "youth",
    "answerDate": null,
    "nttBgnde": 1746774000000,
    "topAt": "N",
    "homeName": null,
    "nttType": "2",
    "content": "<p style=\"padding: 0px; box-sizing: border-box; letter-spacing: -1px; color: #333333; font-family: NanumSquareOTF_ac; font-size: medium;\">&nbsp;</p>\r\n<p style=\"padding: 0px; box-sizing: border-box; letter-spacing: -1px; color: #333333; font-family: NanumSquareOTF_ac; font-size: medium;\">서울대입구역 BX201 청년안심주택 입주자 추가모집공고문(공공지원민간임대)을 붙임과 같이 게시합니다.&nbsp;</p>\r\n<p><span style=\"color: #333333; font-family: NanumSquareOTF_ac; font-size: medium; letter-spacing: -1px; margin: 0px; padding: 0px; box-sizing: border-box;\">자세한 내용은 첨부파일의 모집공고문을 확인하시기 바랍니다.</span></p>\r\n<p><span style=\"color: #333333; font-family: NanumSquareOTF_ac; font-size: medium; letter-spacing: -1px;\">&nbsp;</span></p>\r\n<h2 style=\"margin: 0px; padding: 0px; box-sizing: border-box; letter-spacing: -1px; color: #333333; font-family: nanumsquareotf_ac;\"><span style=\"font-size: 18px;\">[단지개요]</span></h2>\r\n<p style=\"padding: 0px; box-sizing: border-box; letter-spacing: -1px; color: #333333; font-family: NanumSquareOTF_ac; font-size: medium;\">■단지명 : BX201</p>\r\n<p style=\"padding: 0px; box-sizing: border-box; letter-spacing: -1px; color: #333333; font-family: NanumSquareOTF_ac; font-size: medium;\">■주택위치 : 서울특별시 관악구 남부순환로 224길 25 (2호선 서울대입구역 1, 2번 출구)</p>\r\n<p style=\"padding: 0px; box-sizing: border-box; letter-spacing: -1px; color: #333333; font-family: NanumSquareOTF_ac; font-size: medium;\">■공급호수 : 총 201세대 중 금회 추가공급 공공지원민간임대 1세대 (특별공급 1세대)</p>\r\n<p style=\"padding: 0px; box-sizing: border-box; letter-spacing: -1px; color: #333333; font-family: NanumSquareOTF_ac; font-size: medium;\">■사업주체 : 라온스테이 2030 역세권청년주택 (박정호 외 3인)</p>\r\n<p style=\"padding: 0px; box-sizing: border-box; letter-spacing: -1px; color: #333333; font-family: NanumSquareOTF_ac; font-size: medium;\">■시공사 : ㈜강남건영</p>\r\n<p style=\"padding: 0px; box-sizing: border-box; letter-spacing: -1px; color: #333333; font-family: NanumSquareOTF_ac; font-size: medium;\">&nbsp;</p>\r\n<h2 style=\"margin: 0px; padding: 0px; box-sizing: border-box; letter-spacing: -1px; color: #333333; font-family: nanumsquareotf_ac;\"><span style=\"font-size: 18px;\">[공급일정]</span></h2>\r\n<p style=\"padding: 0px; box-sizing: border-box; letter-spacing: -1px; color: #333333; font-family: NanumSquareOTF_ac; font-size: medium;\">■모집공고 : ‘25. 05. 09. (금)</p>\r\n<p style=\"padding: 0px; box-sizing: border-box; letter-spacing: -1px; font-family: nanumsquareotf_ac; font-size: medium;\"><b><span style=\"color: #ff00ff;\">■청약신청 : ‘25. 05. 14. (수)&nbsp; 10:00 ~ 16:00&nbsp;</span></b></p>\r\n<p style=\"padding: 0px; box-sizing: border-box; letter-spacing: -1px; color: #333333; font-family: NanumSquareOTF_ac; font-size: medium;\">■서류심사 대상자 발표 : ‘25. 05. 16. (금) 16:00</p>\r\n<p style=\"padding: 0px; box-sizing: border-box; letter-spacing: -1px; color: #333333; font-family: NanumSquareOTF_ac; font-size: medium;\">■서류 제출(이메일) : ‘25. 05. 21. (수)</p>\r\n<p style=\"padding: 0px; box-sizing: border-box; letter-spacing: -1px; color: #333333; font-family: NanumSquareOTF_ac; font-size: medium;\">■계약체결 및 원본서류제출 : ‘25. 05. 26. (월)</p>\r\n<p style=\"padding: 0px; box-sizing: border-box; letter-spacing: -1px; color: #333333; font-family: NanumSquareOTF_ac; font-size: medium;\">■입주지정기간 : ‘25. 07월 말 (사업주와 협의)</p>\r\n<p style=\"padding: 0px; box-sizing: border-box; letter-spacing: -1px; color: #333333; font-family: NanumSquareOTF_ac; font-size: medium;\">&nbsp; &nbsp;</p>\r\n<h2 style=\"margin: 0px; padding: 0px; box-sizing: border-box; letter-spacing: -1px; color: #333333; font-family: nanumsquareotf_ac;\"><span style=\"font-size: 18px;\">[청약신청]</span></h2>\r\n<p style=\"padding: 0px; box-sizing: border-box; letter-spacing: -1px; color: #333333; font-family: NanumSquareOTF_ac; font-size: medium;\">■ 청약신청 페이지 : <b>단지홈페이지 - 공지사항 내 네이버폼 양식</b></p>\r\n<p style=\"padding: 0px; box-sizing: border-box; letter-spacing: -1px; color: #333333; font-family: NanumSquareOTF_ac; font-size: medium;\">■ 단지 홈페이지 :&nbsp;<b><span style=\"color: #0000ff;\"><a href=\"https://thepodium830.com/\" target=\"_blank\" title=\"더포디엄 830 홈페이지 바로가기\"></a></span></b>&nbsp;<font size=\"3\"><b><span style=\"color: #0000ff;\"><u><a href=\"https://bx201seoul.modoo.at/\" target=\"_blank\" title=\"bx201 홈페이지\">https://bx201seoul.modoo.at/</a></u></span></b></font></p>\r\n<p style=\"padding: 0px; box-sizing: border-box; letter-spacing: -1px; color: #333333; font-family: NanumSquareOTF_ac; font-size: medium;\">■ 문의전화 : 02-3285-0201</p>\r\n<p style=\"padding: 0px; box-sizing: border-box; letter-spacing: -1px; color: #333333; font-family: NanumSquareOTF_ac; font-size: medium;\">■ 운영시간 : 10:00~17:00 (점심시간 : 12:00~14:00)</p>\r\n<p style=\"padding: 0px; box-sizing: border-box; letter-spacing: -1px; color: #333333; font-family: NanumSquareOTF_ac; font-size: medium;\">&nbsp;</p>\r\n<p style=\"padding: 0px; box-sizing: border-box; letter-spacing: -1px; color: #333333; font-family: NanumSquareOTF_ac; font-size: medium;\">&nbsp;</p>\r\n"
  }
]