{
    "areaNo": 1,
    "realPriceOnMonthList": [
        {
            "realPriceList": [
                {
                    "tradeType": "A1",
                    "tradeYear": "2024",
                    "tradeMonth": 7,
                    "tradeDate": "30",
                    "dealPrice": 28500,
                    "floor": 10,
                    "representativeArea": 0.0,
                    "exclusiveArea": 0.0,
                    "formattedPrice": "2억 8,500",
                    "formattedTradeYearMonth": "2024.07.30"
                }
            ],
            "tradeBaseYear": "2024",
            "tradeBaseMonth": 7
        },
        {
            "realPriceList": [
                {
                    "tradeType": "A1",
                    "tradeYear": "2024",
                    "tradeMonth": 6,
                    "tradeDate": "2",
                    "dealPrice": 29000,
                    "floor": 6,
                    "representativeArea": 0.0,
                    "exclusiveArea": 0.0,
                    "formattedPrice": "2억 9,000",
                    "formattedTradeYearMonth": "2024.06.02"
                }
            ],
            "tradeBaseYear": "2024",
            "tradeBaseMonth": 6
        },
        {
            "realPriceList": [
                {
                    "tradeType": "A1",
                    "tradeYear": "2024",
                    "tradeMonth": 5,
                    "tradeDate": "30",
                    "dealPrice": 28000,
                    "floor": 7,
                    "representativeArea": 0.0,
                    "exclusiveArea": 0.0,
                    "formattedPrice": "2억 8,000",
                    "formattedTradeYearMonth": "2024.05.30"
                },
                {
                    "tradeType": "A1",
                    "tradeYear": "2024",
                    "tradeMonth": 5,
                    "tradeDate": "13",
                    "dealPrice": 30500,
                    "floor": 9,
                    "representativeArea": 0.0,
                    "exclusiveArea": 0.0,
                    "formattedPrice": "3억 500",
                    "formattedTradeYearMonth": "2024.05.13"
                }
            ],
            "tradeBaseYear": "2024",
            "tradeBaseMonth": 5
        },
        {
            "realPriceList": [
                {
                    "tradeType": "A1",
                    "tradeYear": "2024",
                    "tradeMonth": 4,
                    "tradeDate": "20",
                    "dealPrice": 27500,
                    "floor": 19,
                    "representativeArea": 0.0,
                    "exclusiveArea": 0.0,
                    "formattedPrice": "2억 7,500",
                    "formattedTradeYearMonth": "2024.04.20"
                },
                {
                    "tradeType": "A1",
                    "tradeYear": "2024",
                    "tradeMonth": 4,
                    "tradeDate": "6",
                    "dealPrice": 29300,
                    "floor": 18,
                    "representativeArea": 0.0,
                    "exclusiveArea": 0.0,
                    "formattedPrice": "2억 9,300",
                    "formattedTradeYearMonth": "2024.04.06"
                }
            ],
            "tradeBaseYear": "2024",
            "tradeBaseMonth": 4
        }
    ],
    "addedRowCount": 11,
    "totalRowCount": 233,
    "realPriceBasisYearMonth": "202506"
}