{
    "complexList": [
        {
            "complexNo": "9690",
            "complexName": "가좌1단지양우내안애",
            "cortarNo": "4128710600",
            "realEstateTypeCode": "APT",
            "realEstateTypeName": "아파트",
            "detailAddress": "1090",
            "latitude": 37.684919,
            "longitude": 126.717067,
            "totalHouseholdCount": 459,
            "totalBuildingCount": 5,
            "highFloor": 19,
            "lowFloor": 16,
            "useApproveYmd": "20051026",
            "dealCount": 26,
            "leaseCount": 3,
            "rentCount": 2,
            "shortTermRentCount": 0,
            "isInterest": false,
            "cortarAddress": "경기도 고양시 일산서구 가좌동",
            "tourExist": false
        },
        {
            "complexNo": "11829",
            "complexName": "가좌2단지대우푸르지오",
            "cortarNo": "4128710600",
            "realEstateTypeCode": "APT",
            "realEstateTypeName": "아파트",
            "detailAddress": "1089",
            "latitude": 37.686975,
            "longitude": 126.717201,
            "totalHouseholdCount": 1210,
            "totalBuildingCount": 13,
            "highFloor": 20,
            "lowFloor": 16,
            "useApproveYmd": "20050726",
            "dealCount": 72,
            "leaseCount": 10,
            "rentCount": 2,
            "shortTermRentCount": 0,
            "isInterest": false,
            "cortarAddress": "경기도 고양시 일산서구 가좌동",
            "tourExist": false
        },
        {
            "complexNo": "9763",
            "complexName": "가좌3단지청원벽산블루밍",
            "cortarNo": "4128710600",
            "realEstateTypeCode": "APT",
            "realEstateTypeName": "아파트",
            "detailAddress": "1088",
            "latitude": 37.689489,
            "longitude": 126.718938,
            "totalHouseholdCount": 782,
            "totalBuildingCount": 8,
            "highFloor": 19,
            "lowFloor": 17,
            "useApproveYmd": "20021014",
            "dealCount": 47,
            "leaseCount": 3,
            "rentCount": 2,
            "shortTermRentCount": 0,
            "isInterest": false,
            "cortarAddress": "경기도 고양시 일산서구 가좌동",
            "tourExist": false
        },
        {
            "complexNo": "13337",
            "complexName": "가좌5단지벽산블루밍",
            "cortarNo": "4128710600",
            "realEstateTypeCode": "APT",
            "realEstateTypeName": "아파트",
            "detailAddress": "1087",
            "latitude": 37.690829,
            "longitude": 126.72031,
            "totalHouseholdCount": 951,
            "totalBuildingCount": 16,
            "highFloor": 20,
            "lowFloor": 16,
            "useApproveYmd": "20050922",
            "dealCount": 62,
            "leaseCount": 12,
            "rentCount": 6,
            "shortTermRentCount": 0,
            "isInterest": false,
            "cortarAddress": "경기도 고양시 일산서구 가좌동",
            "tourExist": false
        },
        {
            "complexNo": "13338",
            "complexName": "가좌6단지벽산블루밍",
            "cortarNo": "4128710600",
            "realEstateTypeCode": "APT",
            "realEstateTypeName": "아파트",
            "detailAddress": "1086",
            "latitude": 37.689888,
            "longitude": 126.723296,
            "totalHouseholdCount": 989,
            "totalBuildingCount": 15,
            "highFloor": 20,
            "lowFloor": 16,
            "useApproveYmd": "20050922",
            "dealCount": 63,
            "leaseCount": 11,
            "rentCount": 3,
            "shortTermRentCount": 0,
            "isInterest": false,
            "cortarAddress": "경기도 고양시 일산서구 가좌동",
            "tourExist": false
        },
        {
            "complexNo": "27326",
            "complexName": "가좌7단지꿈에그린",
            "cortarNo": "4128710600",
            "realEstateTypeCode": "APT",
            "realEstateTypeName": "아파트",
            "detailAddress": "1105",
            "latitude": 37.683972,
            "longitude": 126.721981,
            "totalHouseholdCount": 545,
            "totalBuildingCount": 8,
            "highFloor": 20,
            "lowFloor": 12,
            "useApproveYmd": "20100329",
            "dealCount": 55,
            "leaseCount": 8,
            "rentCount": 5,
            "shortTermRentCount": 0,
            "isInterest": false,
            "cortarAddress": "경기도 고양시 일산서구 가좌동",
            "tourExist": false
        },
        {
            "complexNo": "141669",
            "complexName": "네이처(도시형)",
            "cortarNo": "4128710600",
            "realEstateTypeCode": "APT",
            "realEstateTypeName": "아파트",
            "detailAddress": "158-2",
            "latitude": 37.689608,
            "longitude": 126.724731,
            "totalHouseholdCount": 78,
            "totalBuildingCount": 1,
            "highFloor": 4,
            "lowFloor": 4,
            "useApproveYmd": "20210104",
            "dealCount": 0,
            "leaseCount": 0,
            "rentCount": 0,
            "shortTermRentCount": 0,
            "isInterest": false,
            "cortarAddress": "경기도 고양시 일산서구 가좌동",
            "tourExist": false
        }
    ]
}