{
    "regionList": [
        {
            "cortarNo": "4128710600",
            "centerLat": 37.6919,
            "centerLon": 126.7203,
            "cortarName": "가좌동",
            "cortarType": "sec"
        },
        {
            "cortarNo": "4128710700",
            "centerLat": 37.6822,
            "centerLon": 126.6897,
            "cortarName": "구산동",
            "cortarType": "sec"
        },
        {
            "cortarNo": "4128710400",
            "centerLat": 37.68296,
            "centerLon": 126.755163,
            "cortarName": "대화동",
            "cortarType": "sec"
        },
        {
            "cortarNo": "4128710500",
            "centerLat": 37.697152,
            "centerLon": 126.745306,
            "cortarName": "덕이동",
            "cortarType": "sec"
        },
        {
            "cortarNo": "4128710800",
            "centerLat": 37.664949,
            "centerLon": 126.7119,
            "cortarName": "법곳동",
            "cortarType": "sec"
        },
        {
            "cortarNo": "4128710100",
            "centerLat": 37.685037,
            "centerLon": 126.769951,
            "cortarName": "일산동",
            "cortarType": "sec"
        },
        {
            "cortarNo": "4128710200",
            "centerLat": 37.6716,
            "centerLon": 126.7626,
            "cortarName": "주엽동",
            "cortarType": "sec"
        },
        {
            "cortarNo": "4128710300",
            "centerLat": 37.694334,
            "centerLon": 126.768363,
            "cortarName": "탄현동",
            "cortarType": "sec"
        }
    ]
}