{
    "regionList": [
        {
            "cortarNo": "4182000000",
            "centerLat": 37.831171,
            "centerLon": 127.509625,
            "cortarName": "가평군",
            "cortarType": "dvsn"
        },
        {
            "cortarNo": "4128100000",
            "centerLat": 37.637433,
            "centerLon": 126.832359,
            "cortarName": "고양시 덕양구",
            "cortarType": "dvsn"
        },
        {
            "cortarNo": "4128500000",
            "centerLat": 37.65879,
            "centerLon": 126.775025,
            "cortarName": "고양시 일산동구",
            "cortarType": "dvsn"
        },
        {
            "cortarNo": "4128700000",
            "centerLat": 37.675103,
            "centerLon": 126.750578,
            "cortarName": "고양시 일산서구",
            "cortarType": "dvsn"
        },
        {
            "cortarNo": "4129000000",
            "centerLat": 37.429201,
            "centerLon": 126.987638,
            "cortarName": "과천시",
            "cortarType": "dvsn"
        },
        {
            "cortarNo": "4121000000",
            "centerLat": 37.478587,
            "centerLon": 126.864548,
            "cortarName": "광명시",
            "cortarType": "dvsn"
        },
        {
            "cortarNo": "4161000000",
            "centerLat": 37.417461,
            "centerLon": 127.255924,
            "cortarName": "광주시",
            "cortarType": "dvsn"
        },
        {
            "cortarNo": "4131000000",
            "centerLat": 37.594409,
            "centerLon": 127.129581,
            "cortarName": "구리시",
            "cortarType": "dvsn"
        },
        {
            "cortarNo": "4141000000",
            "centerLat": 37.36161,
            "centerLon": 126.935331,
            "cortarName": "군포시",
            "cortarType": "dvsn"
        },
        {
            "cortarNo": "4157000000",
            "centerLat": 37.615267,
            "centerLon": 126.715621,
            "cortarName": "김포시",
            "cortarType": "dvsn"
        },
        {
            "cortarNo": "4136000000",
            "centerLat": 37.636032,
            "centerLon": 127.216646,
            "cortarName": "남양주시",
            "cortarType": "dvsn"
        },
        {
            "cortarNo": "4125000000",
            "centerLat": 37.903722,
            "centerLon": 127.060579,
            "cortarName": "동두천시",
            "cortarType": "dvsn"
        },
        {
            "cortarNo": "4119400000",
            "centerLat": 37.480072,
            "centerLon": 126.79993,
            "cortarName": "부천시 소사구",
            "cortarType": "dvsn"
        },
        {
            "cortarNo": "4119600000",
            "centerLat": 37.528519,
            "centerLon": 126.79556,
            "cortarName": "부천시 오정구",
            "cortarType": "dvsn"
        },
        {
            "cortarNo": "4119200000",
            "centerLat": 37.496596,
            "centerLon": 126.787111,
            "cortarName": "부천시 원미구",
            "cortarType": "dvsn"
        },
        {
            "cortarNo": "4113500000",
            "centerLat": 37.38282,
            "centerLon": 127.118926,
            "cortarName": "성남시 분당구",
            "cortarType": "dvsn"
        },
        {
            "cortarNo": "4113100000",
            "centerLat": 37.450396,
            "centerLon": 127.145634,
            "cortarName": "성남시 수정구",
            "cortarType": "dvsn"
        },
        {
            "cortarNo": "4113300000",
            "centerLat": 37.430523,
            "centerLon": 127.13721,
            "cortarName": "성남시 중원구",
            "cortarType": "dvsn"
        },
        {
            "cortarNo": "4111300000",
            "centerLat": 37.257607,
            "centerLon": 126.971893,
            "cortarName": "수원시 권선구",
            "cortarType": "dvsn"
        },
        {
            "cortarNo": "4111700000",
            "centerLat": 37.259116,
            "centerLon": 127.046336,
            "cortarName": "수원시 영통구",
            "cortarType": "dvsn"
        },
        {
            "cortarNo": "4111100000",
            "centerLat": 37.30416,
            "centerLon": 127.010226,
            "cortarName": "수원시 장안구",
            "cortarType": "dvsn"
        },
        {
            "cortarNo": "4111500000",
            "centerLat": 37.286537,
            "centerLon": 127.035711,
            "cortarName": "수원시 팔달구",
            "cortarType": "dvsn"
        },
        {
            "cortarNo": "4139000000",
            "centerLat": 37.380174,
            "centerLon": 126.802938,
            "cortarName": "시흥시",
            "cortarType": "dvsn"
        },
        {
            "cortarNo": "4127300000",
            "centerLat": 37.319537,
            "centerLon": 126.811832,
            "cortarName": "안산시 단원구",
            "cortarType": "dvsn"
        },
        {
            "cortarNo": "4127100000",
            "centerLat": 37.30114,
            "centerLon": 126.845167,
            "cortarName": "안산시 상록구",
            "cortarType": "dvsn"
        },
        {
            "cortarNo": "4155000000",
            "centerLat": 37.008018,
            "centerLon": 127.279695,
            "cortarName": "안성시",
            "cortarType": "dvsn"
        },
        {
            "cortarNo": "4117300000",
            "centerLat": 37.392574,
            "centerLon": 126.951354,
            "cortarName": "안양시 동안구",
            "cortarType": "dvsn"
        },
        {
            "cortarNo": "4117100000",
            "centerLat": 37.386649,
            "centerLon": 126.932325,
            "cortarName": "안양시 만안구",
            "cortarType": "dvsn"
        },
        {
            "cortarNo": "4163000000",
            "centerLat": 37.784952,
            "centerLon": 127.045496,
            "cortarName": "양주시",
            "cortarType": "dvsn"
        },
        {
            "cortarNo": "4183000000",
            "centerLat": 37.491776,
            "centerLon": 127.487563,
            "cortarName": "양평군",
            "cortarType": "dvsn"
        },
        {
            "cortarNo": "4167000000",
            "centerLat": 37.298342,
            "centerLon": 127.637088,
            "cortarName": "여주시",
            "cortarType": "dvsn"
        },
        {
            "cortarNo": "4180000000",
            "centerLat": 38.096872,
            "centerLon": 127.075059,
            "cortarName": "연천군",
            "cortarType": "dvsn"
        },
        {
            "cortarNo": "4137000000",
            "centerLat": 37.149889,
            "centerLon": 127.077461,
            "cortarName": "오산시",
            "cortarType": "dvsn"
        },
        {
            "cortarNo": "4146300000",
            "centerLat": 37.280156,
            "centerLon": 127.114666,
            "cortarName": "용인시 기흥구",
            "cortarType": "dvsn"
        },
        {
            "cortarNo": "4146500000",
            "centerLat": 37.322167,
            "centerLon": 127.097962,
            "cortarName": "용인시 수지구",
            "cortarType": "dvsn"
        },
        {
            "cortarNo": "4146100000",
            "centerLat": 37.234398,
            "centerLon": 127.201597,
            "cortarName": "용인시 처인구",
            "cortarType": "dvsn"
        },
        {
            "cortarNo": "4143000000",
            "centerLat": 37.344887,
            "centerLon": 126.968279,
            "cortarName": "의왕시",
            "cortarType": "dvsn"
        },
        {
            "cortarNo": "4115000000",
            "centerLat": 37.737933,
            "centerLon": 127.033899,
            "cortarName": "의정부시",
            "cortarType": "dvsn"
        },
        {
            "cortarNo": "4150000000",
            "centerLat": 37.278246,
            "centerLon": 127.440997,
            "cortarName": "이천시",
            "cortarType": "dvsn"
        },
        {
            "cortarNo": "4148000000",
            "centerLat": 37.7599,
            "centerLon": 126.77976,
            "cortarName": "파주시",
            "cortarType": "dvsn"
        },
        {
            "cortarNo": "4122000000",
            "centerLat": 36.992368,
            "centerLon": 127.112763,
            "cortarName": "평택시",
            "cortarType": "dvsn"
        },
        {
            "cortarNo": "4165000000",
            "centerLat": 37.894867,
            "centerLon": 127.20024,
            "cortarName": "포천시",
            "cortarType": "dvsn"
        },
        {
            "cortarNo": "4145000000",
            "centerLat": 37.539301,
            "centerLon": 127.214874,
            "cortarName": "하남시",
            "cortarType": "dvsn"
        },
        {
            "cortarNo": "4159000000",
            "centerLat": 37.199568,
            "centerLon": 126.831325,
            "cortarName": "화성시",
            "cortarType": "dvsn"
        }
    ]
}